date,duration,item,month,network,network_type
15/10/14 06:58,34.429,data,2014-11,data,data
15/10/14 06:58,13,call,2014-11,Vodafone,mobile
15/10/14 14:46,23,call,2014-11,Meteor,mobile
15/10/14 14:48,4,call,2014-11,Tesco,mobile
15/10/14 17:27,4,call,2014-11,Tesco,mobile
15/10/14 18:55,4,call,2014-11,Tesco,mobile
16/10/14 06:58,34.429,data,2014-11,data,data
16/10/14 15:01,602,call,2014-11,Three,mobile
16/10/14 15:12,1050,call,2014-11,Three,mobile
16/10/14 15:30,19,call,2014-11,voicemail,voicemail
16/10/14 16:21,1183,call,2014-11,Three,mobile
16/10/14 22:18,1,sms,2014-11,Meteor,mobile
16/10/14 22:21,1,sms,2014-11,Meteor,mobile
17/10/14 06:58,34.429,data,2014-11,data,data
17/10/14 10:53,1,sms,2014-11,Tesco,mobile
17/10/14 11:19,1,sms,2014-11,Tesco,mobile
17/10/14 11:20,1,sms,2014-11,Meteor,mobile
17/10/14 17:22,1,sms,2014-11,Vodafone,mobile
17/10/14 17:23,1,sms,2014-11,Vodafone,mobile
17/10/14 17:26,92,call,2014-11,Three,mobile
17/10/14 17:29,4,call,2014-11,Vodafone,mobile
17/10/14 17:30,375,call,2014-11,Tesco,mobile
17/10/14 17:42,1,sms,2014-11,Vodafone,mobile
17/10/14 17:44,1,sms,2014-11,Vodafone,mobile
17/10/14 17:44,1,sms,2014-11,Vodafone,mobile
17/10/14 17:44,1,sms,2014-11,Vodafone,mobile
18/10/14 06:58,34.429,data,2014-11,data,data
18/10/14 11:51,783,call,2014-11,Tesco,mobile
18/10/14 12:06,4,call,2014-11,Vodafone,mobile
18/10/14 12:06,3,call,2014-11,Vodafone,mobile
18/10/14 13:08,101,call,2014-11,Vodafone,mobile
18/10/14 13:10,1714,call,2014-11,Three,mobile
18/10/14 14:01,96,call,2014-11,voicemail,voicemail
18/10/14 18:52,1,sms,2014-11,Vodafone,mobile
18/10/14 20:44,384,call,2014-11,Three,mobile
18/10/14 21:04,4,call,2014-11,Three,mobile
18/10/14 21:06,1,sms,2014-11,Three,mobile
18/10/14 21:23,1,sms,2014-11,Vodafone,mobile
18/10/14 22:37,1,sms,2014-11,Three,mobile
19/10/14 06:58,34.429,data,2014-11,data,data
19/10/14 14:47,53,call,2014-11,Three,mobile
19/10/14 15:46,86,call,2014-11,Tesco,mobile
19/10/14 16:21,23,call,2014-11,Three,mobile
19/10/14 16:30,38,call,2014-11,Three,mobile
19/10/14 20:25,428,call,2014-11,Three,mobile
20/10/14 06:58,34.429,data,2014-11,data,data
20/10/14 09:43,69,call,2014-11,voicemail,voicemail
20/10/14 09:43,18,call,2014-11,voicemail,voicemail
20/10/14 13:55,3,call,2014-11,Vodafone,mobile
20/10/14 13:56,6,call,2014-11,landline,landline
20/10/14 18:14,5,call,2014-11,Tesco,mobile
20/10/14 18:24,131,call,2014-11,Vodafone,mobile
20/10/14 19:59,1,sms,2014-11,Vodafone,mobile
20/10/14 20:16,1,sms,2014-11,Vodafone,mobile
21/10/14 06:58,34.429,data,2014-11,data,data
21/10/14 16:17,550,call,2014-11,Three,mobile
22/10/14 06:58,34.429,data,2014-11,data,data
22/10/14 12:04,7,call,2014-11,Three,mobile
23/10/14 06:58,34.429,data,2014-11,data,data
23/10/14 08:34,1940,call,2014-11,landline,landline
23/10/14 09:45,281,call,2014-11,Meteor,mobile
23/10/14 10:46,1,sms,2014-11,Tesco,mobile
23/10/14 10:54,1,sms,2014-11,Vodafone,mobile
23/10/14 11:17,1,sms,2014-11,Vodafone,mobile
23/10/14 11:25,24,call,2014-11,Vodafone,mobile
23/10/14 17:48,263,call,2014-11,Meteor,mobile
24/10/14 06:58,34.429,data,2014-11,data,data
24/10/14 13:35,1,sms,2014-11,Vodafone,mobile
24/10/14 13:39,1,sms,2014-11,Vodafone,mobile
24/10/14 13:39,1,sms,2014-11,Vodafone,mobile
24/10/14 13:47,1,sms,2014-11,Vodafone,mobile
24/10/14 13:48,1,sms,2014-11,Vodafone,mobile
24/10/14 13:50,1,sms,2014-11,Vodafone,mobile
24/10/14 13:57,1,sms,2014-11,Vodafone,mobile
24/10/14 13:57,1,sms,2014-11,Vodafone,mobile
24/10/14 14:20,1,sms,2014-11,Three,mobile
24/10/14 14:27,1,sms,2014-11,Vodafone,mobile
24/10/14 18:29,1,sms,2014-11,Vodafone,mobile
24/10/14 18:33,387,call,2014-11,Tesco,mobile
24/10/14 18:40,1,sms,2014-11,Vodafone,mobile
25/10/14 06:58,34.429,data,2014-11,data,data
26/10/14 06:58,34.429,data,2014-11,data,data
26/10/14 14:51,4,call,2014-11,Three,mobile
26/10/14 21:10,637,call,2014-11,Tesco,mobile
26/10/14 21:22,28,call,2014-11,Meteor,mobile
26/10/14 21:38,62,call,2014-11,Three,mobile
27/10/14 01:45,3,call,2014-11,Tesco,mobile
27/10/14 06:58,34.429,data,2014-11,data,data
27/10/14 11:03,146,call,2014-11,Three,mobile
27/10/14 16:30,48,call,2014-11,Three,mobile
27/10/14 19:20,862,call,2014-11,Three,mobile
27/10/14 19:55,25,call,2014-11,Three,mobile
28/10/14 06:58,34.429,data,2014-11,data,data
28/10/14 16:39,833,call,2014-11,landline,landline
28/10/14 20:44,206,call,2014-11,Tesco,mobile
29/10/14 06:58,34.429,data,2014-11,data,data
29/10/14 12:56,442,call,2014-11,Vodafone,mobile
30/10/14 06:58,34.429,data,2014-11,data,data
30/10/14 14:31,463,call,2014-11,Vodafone,mobile
30/10/14 19:48,4,call,2014-11,Vodafone,mobile
30/10/14 20:02,4,call,2014-11,Meteor,mobile
31/10/14 06:58,34.429,data,2014-11,data,data
31/10/14 07:46,1,sms,2014-11,Vodafone,mobile
31/10/14 08:00,1,sms,2014-11,Vodafone,mobile
31/10/14 13:26,5,call,2014-11,Three,mobile
31/10/14 13:27,1234,call,2014-11,Tesco,mobile
31/10/14 14:10,43,call,2014-11,Three,mobile
31/10/14 18:29,1,sms,2014-11,Three,mobile
31/10/14 18:29,1,sms,2014-11,Three,mobile
31/10/14 18:30,483,call,2014-11,Meteor,mobile
31/10/14 18:39,3,call,2014-11,Tesco,mobile
01/11/14 06:58,34.429,data,2014-11,data,data
01/11/14 15:13,955,call,2014-11,Vodafone,mobile
01/11/14 17:54,4,call,2014-11,Tesco,mobile
02/11/14 06:58,34.429,data,2014-11,data,data
02/11/14 14:34,459,call,2014-11,Three,mobile
02/11/14 15:44,1023,call,2014-11,Three,mobile
02/11/14 19:16,1025,call,2014-11,Three,mobile
02/11/14 21:42,169,call,2014-11,Meteor,mobile
02/11/14 22:55,8,call,2014-11,Meteor,mobile
03/11/14 06:58,34.429,data,2014-11,data,data
03/11/14 08:40,1,sms,2014-11,special,special
03/11/14 10:30,135,call,2014-11,Three,mobile
03/11/14 10:37,7,call,2014-11,Vodafone,mobile
03/11/14 10:47,37,call,2014-11,Vodafone,mobile
03/11/14 14:04,1,sms,2014-11,Vodafone,mobile
03/11/14 15:27,5,call,2014-11,Three,mobile
03/11/14 16:07,123,call,2014-11,landline,landline
03/11/14 16:10,4,call,2014-11,Tesco,mobile
03/11/14 17:03,90,call,2014-11,Vodafone,mobile
03/11/14 22:36,3,call,2014-11,Tesco,mobile
04/11/14 06:58,34.429,data,2014-11,data,data
04/11/14 11:58,1,sms,2014-11,Vodafone,mobile
04/11/14 11:58,1,sms,2014-11,Vodafone,mobile
04/11/14 13:12,1,sms,2014-11,Three,mobile
04/11/14 14:05,1,sms,2014-11,Three,mobile
04/11/14 14:26,1,call,2014-11,voicemail,voicemail
04/11/14 14:26,98,call,2014-11,voicemail,voicemail
04/11/14 16:13,1,sms,2014-11,Three,mobile
04/11/14 16:19,8,call,2014-11,Meteor,mobile
04/11/14 16:22,9,call,2014-11,Meteor,mobile
04/11/14 16:24,4,call,2014-11,Meteor,mobile
04/11/14 16:34,1,sms,2014-11,Three,mobile
04/11/14 16:39,1,sms,2014-11,Meteor,mobile
04/11/14 16:41,1,sms,2014-11,Meteor,mobile
04/11/14 16:45,1,sms,2014-11,Three,mobile
04/11/14 18:26,4,call,2014-11,Tesco,mobile
04/11/14 20:15,11,call,2014-11,Three,mobile
04/11/14 20:15,1,sms,2014-11,Meteor,mobile
04/11/14 20:15,1,sms,2014-11,Meteor,mobile
04/11/14 20:16,166,call,2014-11,Meteor,mobile
05/11/14 06:58,34.429,data,2014-11,data,data
05/11/14 10:59,55,call,2014-11,Three,mobile
05/11/14 11:30,1,sms,2014-11,Vodafone,mobile
05/11/14 11:43,1,sms,2014-11,Vodafone,mobile
05/11/14 12:43,1,sms,2014-11,Vodafone,mobile
05/11/14 19:35,29,call,2014-11,Vodafone,mobile
06/11/14 01:02,1,sms,2014-11,Vodafone,mobile
06/11/14 01:02,1,sms,2014-11,Vodafone,mobile
06/11/14 06:58,34.429,data,2014-11,data,data
06/11/14 09:04,1,sms,2014-11,Vodafone,mobile
06/11/14 09:05,1,sms,2014-11,Vodafone,mobile
06/11/14 09:47,150,call,2014-11,Vodafone,mobile
06/11/14 09:50,89,call,2014-11,Three,mobile
06/11/14 09:52,75,call,2014-11,Meteor,mobile
06/11/14 09:54,5,call,2014-11,Three,mobile
06/11/14 11:47,8,call,2014-11,Vodafone,mobile
06/11/14 14:52,1,sms,2014-11,Vodafone,mobile
06/11/14 18:02,279,call,2014-11,Tesco,mobile
06/11/14 18:07,452,call,2014-11,Vodafone,mobile
07/11/14 06:58,34.429,data,2014-11,data,data
07/11/14 09:33,1205,call,2014-11,Vodafone,mobile
07/11/14 17:51,218,call,2014-11,Three,mobile
07/11/14 21:04,1,sms,2014-11,Vodafone,mobile
07/11/14 21:10,1,sms,2014-11,Vodafone,mobile
07/11/14 21:12,1,sms,2014-11,Vodafone,mobile
07/11/14 21:12,1,sms,2014-11,Vodafone,mobile
07/11/14 21:19,1,sms,2014-11,Vodafone,mobile
07/11/14 21:25,1,sms,2014-11,Vodafone,mobile
07/11/14 21:31,1,sms,2014-11,Vodafone,mobile
07/11/14 21:31,1,sms,2014-11,Vodafone,mobile
07/11/14 22:04,1,sms,2014-11,Vodafone,mobile
08/11/14 06:58,34.429,data,2014-11,data,data
08/11/14 16:33,41,call,2014-11,Three,mobile
08/11/14 18:18,6,call,2014-11,Tesco,mobile
09/11/14 01:41,1,sms,2014-11,Three,mobile
09/11/14 01:49,1,sms,2014-11,Three,mobile
09/11/14 01:50,1,sms,2014-11,Three,mobile
09/11/14 02:04,1,sms,2014-11,Three,mobile
09/11/14 06:58,34.429,data,2014-11,data,data
09/11/14 19:21,14,call,2014-11,Tesco,mobile
09/11/14 22:09,3,call,2014-11,Three,mobile
10/11/14 06:58,34.429,data,2014-11,data,data
10/11/14 09:29,178,call,2014-11,Vodafone,mobile
10/11/14 11:36,412,call,2014-11,Three,mobile
10/11/14 14:59,13,call,2014-11,Three,mobile
10/11/14 15:15,459,call,2014-11,Three,mobile
10/11/14 18:19,1,sms,2014-11,Three,mobile
10/11/14 18:34,1,sms,2014-11,Three,mobile
11/11/14 06:58,34.429,data,2014-11,data,data
11/11/14 09:28,3,call,2014-11,Vodafone,mobile
11/11/14 11:32,3,call,2014-11,Vodafone,mobile
11/11/14 11:37,1,sms,2014-11,Three,mobile
11/11/14 12:39,36,call,2014-11,Three,mobile
11/11/14 14:13,1,sms,2014-11,Meteor,mobile
11/11/14 14:20,1,sms,2014-11,Meteor,mobile
11/11/14 14:41,1,sms,2014-11,Meteor,mobile
11/11/14 19:56,1,sms,2014-11,Three,mobile
12/11/14 06:58,34.429,data,2014-11,data,data
12/11/14 10:48,1,sms,2014-11,Vodafone,mobile
12/11/14 10:48,1,sms,2014-11,Three,mobile
12/11/14 10:48,1,sms,2014-11,Vodafone,mobile
12/11/14 10:49,1,sms,2014-11,Three,mobile
12/11/14 12:04,1,sms,2014-11,Three,mobile
12/11/14 13:49,1,sms,2014-11,Vodafone,mobile
12/11/14 16:16,1,sms,2014-11,Vodafone,mobile
12/11/14 16:19,4,call,2014-11,landline,landline
12/11/14 16:42,1,sms,2014-11,Vodafone,mobile
12/11/14 16:42,1,sms,2014-11,Vodafone,mobile
12/11/14 17:14,1,sms,2014-11,Vodafone,mobile
12/11/14 17:14,1,sms,2014-11,Vodafone,mobile
12/11/14 17:49,1,sms,2014-11,Three,mobile
12/11/14 17:56,145,call,2014-11,Three,mobile
12/11/14 17:59,1001,call,2014-11,Three,mobile
12/11/14 19:01,7,call,2014-11,Vodafone,mobile
12/11/14 19:18,1,sms,2014-11,Three,mobile
12/11/14 19:18,1,sms,2014-11,Three,mobile
12/11/14 19:20,1,sms,2014-11,Vodafone,mobile
13/11/14 06:58,34.429,data,2014-12,data,data
13/11/14 22:30,1,sms,2014-11,Three,mobile
13/11/14 22:31,1,sms,2014-11,Vodafone,mobile
14/11/14 06:58,34.429,data,2014-12,data,data
14/11/14 17:24,124,call,2014-12,voicemail,voicemail
14/11/14 17:28,1,sms,2014-12,Vodafone,mobile
15/11/14 06:58,34.429,data,2014-12,data,data
16/11/14 06:58,34.429,data,2014-12,data,data
16/11/14 14:05,4,call,2014-12,Vodafone,mobile
17/11/14 06:58,34.429,data,2014-12,data,data
18/11/14 06:58,34.429,data,2014-12,data,data
18/11/14 08:22,1,sms,2014-12,Vodafone,mobile
18/11/14 08:29,1,sms,2014-12,Vodafone,mobile
18/11/14 08:29,1,sms,2014-12,Vodafone,mobile
18/11/14 08:33,1,sms,2014-12,Vodafone,mobile
18/11/14 08:34,1,sms,2014-12,Vodafone,mobile
18/11/14 08:34,1,sms,2014-12,Vodafone,mobile
18/11/14 08:39,1,sms,2014-12,Vodafone,mobile
18/11/14 08:42,1,sms,2014-12,Vodafone,mobile
18/11/14 08:45,1,sms,2014-12,Vodafone,mobile
18/11/14 09:35,1,sms,2014-12,Vodafone,mobile
19/11/14 06:58,34.429,data,2014-12,data,data
19/11/14 14:05,128,call,2014-12,Tesco,mobile
19/11/14 14:11,249,call,2014-12,Meteor,mobile
19/11/14 18:56,2120,call,2014-12,Three,mobile
19/11/14 22:48,1,sms,2014-12,Vodafone,mobile
20/11/14 06:58,34.429,data,2014-12,data,data
20/11/14 14:57,71,call,2014-12,voicemail,voicemail
20/11/14 14:59,56,call,2014-12,Three,mobile
20/11/14 16:22,1,sms,2014-12,Meteor,mobile
20/11/14 19:08,9,call,2014-12,Three,mobile
20/11/14 21:03,3,call,2014-12,Three,mobile
20/11/14 21:03,3,call,2014-12,Three,mobile
21/11/14 00:17,17,call,2014-12,Tesco,mobile
21/11/14 01:13,1,sms,2014-12,Vodafone,mobile
21/11/14 06:58,34.429,data,2014-12,data,data
21/11/14 10:29,1,sms,2014-12,Meteor,mobile
21/11/14 10:29,1,sms,2014-12,Meteor,mobile
21/11/14 10:30,1,sms,2014-12,Meteor,mobile
21/11/14 11:29,8,call,2014-12,landline,landline
21/11/14 11:31,982,call,2014-12,Vodafone,mobile
21/11/14 11:49,11,call,2014-12,landline,landline
21/11/14 11:50,34,call,2014-12,Three,mobile
21/11/14 11:50,8,call,2014-12,Three,mobile
21/11/14 13:31,600,call,2014-12,Tesco,mobile
21/11/14 18:07,244,call,2014-12,Meteor,mobile
22/11/14 02:10,186,call,2014-12,Tesco,mobile
22/11/14 06:58,34.429,data,2014-12,data,data
22/11/14 12:02,75,call,2014-12,Meteor,mobile
22/11/14 12:10,90,call,2014-12,Vodafone,mobile
22/11/14 14:30,13,call,2014-12,Vodafone,mobile
22/11/14 14:33,20,call,2014-12,Vodafone,mobile
22/11/14 14:34,2,call,2014-12,Vodafone,mobile
23/11/14 06:58,34.429,data,2014-12,data,data
23/11/14 13:24,208,call,2014-12,Three,mobile
23/11/14 16:10,107,call,2014-12,Three,mobile
23/11/14 17:36,55,call,2014-12,Three,mobile
23/11/14 17:53,5,call,2014-12,Three,mobile
23/11/14 17:53,20,call,2014-12,Three,mobile
23/11/14 17:54,2,call,2014-12,Three,mobile
24/11/14 06:58,34.429,data,2014-12,data,data
24/11/14 09:40,1,sms,2014-12,Three,mobile
24/11/14 12:24,4,call,2014-12,Meteor,mobile
25/11/14 06:58,34.429,data,2014-12,data,data
25/11/14 11:25,21,call,2014-12,Vodafone,mobile
25/11/14 16:09,1,sms,2014-12,Meteor,mobile
25/11/14 16:19,1,sms,2014-12,Meteor,mobile
25/11/14 17:10,114,call,2014-12,Meteor,mobile
25/11/14 18:06,1,sms,2014-12,Meteor,mobile
25/11/14 18:18,81,call,2014-12,Meteor,mobile
25/11/14 18:47,174,call,2014-12,voicemail,voicemail
25/11/14 19:10,71,call,2014-12,Tesco,mobile
25/11/14 19:20,40,call,2014-12,Tesco,mobile
25/11/14 19:21,29,call,2014-12,voicemail,voicemail
25/11/14 19:25,37,call,2014-12,Tesco,mobile
25/11/14 19:26,63,call,2014-12,voicemail,voicemail
25/11/14 20:39,1,sms,2014-12,Three,mobile
26/11/14 06:58,34.429,data,2014-12,data,data
26/11/14 07:03,14,call,2014-12,Meteor,mobile
26/11/14 07:15,1,sms,2014-12,Vodafone,mobile
26/11/14 07:57,1,sms,2014-12,Vodafone,mobile
26/11/14 07:59,4,call,2014-12,Three,mobile
26/11/14 08:00,1,sms,2014-12,Vodafone,mobile
26/11/14 08:13,10,call,2014-12,Three,mobile
26/11/14 08:16,3,call,2014-12,Three,mobile
26/11/14 08:26,3,call,2014-12,Three,mobile
26/11/14 08:27,3,call,2014-12,Three,mobile
26/11/14 09:01,1,sms,2014-12,Meteor,mobile
26/11/14 11:53,1,sms,2014-12,Meteor,mobile
26/11/14 11:54,1,sms,2014-12,Meteor,mobile
26/11/14 11:54,1,sms,2014-12,Meteor,mobile
26/11/14 11:56,1,sms,2014-12,Meteor,mobile
26/11/14 17:48,3,call,2014-12,Three,mobile
27/11/14 06:58,34.429,data,2014-12,data,data
27/11/14 16:53,1116,call,2014-12,Three,mobile
27/11/14 18:38,1,sms,2014-12,Three,mobile
28/11/14 06:58,34.429,data,2014-12,data,data
28/11/14 13:05,1,sms,2014-12,Three,mobile
28/11/14 13:12,1,sms,2014-12,Three,mobile
28/11/14 19:03,143,call,2014-12,Tesco,mobile
29/11/14 06:58,34.429,data,2014-12,data,data
29/11/14 14:44,151,call,2014-12,Three,mobile
30/11/14 06:58,34.429,data,2014-12,data,data
30/11/14 11:45,1,sms,2014-12,Three,mobile
30/11/14 11:48,1,sms,2014-12,Three,mobile
30/11/14 11:48,1,sms,2014-12,Three,mobile
30/11/14 12:06,1,sms,2014-12,Three,mobile
30/11/14 14:24,1,sms,2014-12,Three,mobile
30/11/14 14:44,1,sms,2014-12,Three,mobile
30/11/14 14:51,4,call,2014-12,Three,mobile
01/12/14 06:58,34.429,data,2014-12,data,data
01/12/14 12:51,1,sms,2014-12,Three,mobile
01/12/14 12:59,1,sms,2014-12,Three,mobile
02/12/14 06:58,34.429,data,2014-12,data,data
02/12/14 11:40,526,call,2014-12,Meteor,mobile
03/12/14 06:58,34.429,data,2014-12,data,data
03/12/14 15:01,844,call,2014-12,landline,landline
03/12/14 18:10,383,call,2014-12,Tesco,mobile
04/12/14 06:58,34.429,data,2014-12,data,data
04/12/14 13:52,6,call,2014-12,Vodafone,mobile
04/12/14 15:34,37,call,2014-12,Three,mobile
04/12/14 16:02,15,call,2014-12,Meteor,mobile
04/12/14 23:41,71,call,2014-12,voicemail,voicemail
05/12/14 06:58,34.429,data,2014-12,data,data
05/12/14 16:49,465,call,2014-12,landline,landline
05/12/14 18:17,153,call,2014-12,Tesco,mobile
05/12/14 18:25,826,call,2014-12,Three,mobile
06/12/14 06:58,34.429,data,2014-12,data,data
06/12/14 11:33,442,call,2014-12,Meteor,mobile
06/12/14 18:25,1,sms,2014-12,Vodafone,mobile
06/12/14 18:26,1,sms,2014-12,Tesco,mobile
06/12/14 18:26,1,sms,2014-12,Vodafone,mobile
06/12/14 18:27,1,sms,2014-12,world,world
06/12/14 18:28,1,sms,2014-12,world,world
06/12/14 19:40,191,call,2014-12,Meteor,mobile
07/12/14 06:58,34.429,data,2014-12,data,data
07/12/14 13:03,99,call,2014-12,voicemail,voicemail
07/12/14 13:45,428,call,2014-12,Three,mobile
07/12/14 14:39,3,call,2014-12,Three,mobile
07/12/14 20:23,727,call,2014-12,Three,mobile
07/12/14 20:36,33,call,2014-12,Tesco,mobile
07/12/14 20:37,120,call,2014-12,Three,mobile
07/12/14 23:22,1,sms,2014-12,world,world
07/12/14 23:22,1,sms,2014-12,world,world
08/12/14 06:58,34.429,data,2014-12,data,data
08/12/14 17:38,55,call,2014-12,Meteor,mobile
09/12/14 06:58,34.429,data,2014-12,data,data
09/12/14 18:32,28,call,2014-12,Tesco,mobile
10/12/14 06:58,34.429,data,2014-12,data,data
11/12/14 06:58,34.429,data,2014-12,data,data
12/12/14 06:58,34.429,data,2014-12,data,data
12/12/14 11:00,112,call,2014-12,Vodafone,mobile
12/12/14 18:14,52,call,2014-12,Vodafone,mobile
13/12/14 06:58,34.429,data,2015-01,data,data
13/12/14 14:56,223,call,2014-12,Three,mobile
14/12/14 02:05,14,call,2014-12,landline,landline
14/12/14 02:07,8,call,2014-12,landline,landline
14/12/14 02:09,74,call,2014-12,landline,landline
14/12/14 06:58,34.429,data,2015-01,data,data
14/12/14 15:28,59,call,2014-12,voicemail,voicemail
14/12/14 19:54,25,call,2014-12,Three,mobile
15/12/14 06:58,34.429,data,2015-01,data,data
15/12/14 19:56,1,sms,2015-01,Three,mobile
15/12/14 19:58,1,sms,2015-01,Three,mobile
15/12/14 20:03,4,call,2015-01,Three,mobile
15/12/14 20:10,1,sms,2015-01,Vodafone,mobile
15/12/14 20:10,1,sms,2015-01,Three,mobile
15/12/14 23:12,1,sms,2015-01,Three,mobile
16/12/14 06:58,34.429,data,2015-01,data,data
17/12/14 06:58,34.429,data,2015-01,data,data
17/12/14 18:08,1859,call,2015-01,Vodafone,mobile
17/12/14 23:26,1,sms,2015-01,Vodafone,mobile
18/12/14 06:58,34.429,data,2015-01,data,data
18/12/14 12:36,61,call,2015-01,Three,mobile
18/12/14 15:46,268,call,2015-01,Meteor,mobile
18/12/14 15:57,192,call,2015-01,Meteor,mobile
18/12/14 16:10,14,call,2015-01,Meteor,mobile
18/12/14 17:54,17,call,2015-01,Three,mobile
18/12/14 19:05,46,call,2015-01,Tesco,mobile
18/12/14 21:58,4,call,2015-01,Meteor,mobile
18/12/14 21:59,4,call,2015-01,Meteor,mobile
19/12/14 06:58,34.429,data,2015-01,data,data
19/12/14 08:57,1,sms,2015-01,Vodafone,mobile
19/12/14 10:14,41,call,2015-01,Three,mobile
19/12/14 12:40,3,call,2015-01,Three,mobile
19/12/14 12:41,217,call,2015-01,Tesco,mobile
19/12/14 12:41,18,call,2015-01,Three,mobile
19/12/14 14:48,58,call,2015-01,Meteor,mobile
19/12/14 16:49,48,call,2015-01,Tesco,mobile
19/12/14 16:51,543,call,2015-01,Tesco,mobile
19/12/14 17:00,131,call,2015-01,Three,mobile
19/12/14 18:44,1,sms,2015-01,Vodafone,mobile
20/12/14 06:58,34.429,data,2015-01,data,data
20/12/14 14:39,1,sms,2015-01,Tesco,mobile
20/12/14 15:20,1,sms,2015-01,Tesco,mobile
20/12/14 15:53,553,call,2015-01,Meteor,mobile
20/12/14 16:09,1,sms,2015-01,Tesco,mobile
21/12/14 00:05,54,call,2015-01,Meteor,mobile
21/12/14 06:58,34.429,data,2015-01,data,data
22/12/14 06:58,34.429,data,2015-01,data,data
22/12/14 10:42,489,call,2015-01,Tesco,mobile
22/12/14 11:22,1,sms,2015-01,Vodafone,mobile
22/12/14 11:22,1,sms,2015-01,Meteor,mobile
22/12/14 13:33,46,call,2015-01,Vodafone,mobile
22/12/14 14:09,1,sms,2015-01,Vodafone,mobile
22/12/14 14:15,47,call,2015-01,Vodafone,mobile
22/12/14 18:03,1,sms,2015-01,Vodafone,mobile
22/12/14 18:03,1,sms,2015-01,Vodafone,mobile
22/12/14 18:03,1,sms,2015-01,Vodafone,mobile
22/12/14 19:10,1,sms,2015-01,Vodafone,mobile
22/12/14 19:12,566,call,2015-01,Tesco,mobile
22/12/14 19:35,1,sms,2015-01,Meteor,mobile
22/12/14 19:36,1,sms,2015-01,Meteor,mobile
22/12/14 23:12,956,call,2015-01,Three,mobile
23/12/14 00:57,55,call,2015-01,Tesco,mobile
23/12/14 06:58,34.429,data,2015-01,data,data
23/12/14 09:17,145,call,2015-01,voicemail,voicemail
23/12/14 11:03,40,call,2015-01,landline,landline
23/12/14 12:49,449,call,2015-01,Three,mobile
23/12/14 15:39,1,sms,2015-01,Vodafone,mobile
23/12/14 15:40,37,call,2015-01,landline,landline
23/12/14 15:43,1,sms,2015-01,Vodafone,mobile
23/12/14 19:45,39,call,2015-01,voicemail,voicemail
23/12/14 20:02,28,call,2015-01,landline,landline
23/12/14 21:06,1,sms,2015-01,Vodafone,mobile
24/12/14 06:58,34.429,data,2015-01,data,data
24/12/14 13:22,4,call,2015-01,Three,mobile
24/12/14 13:29,234,call,2015-01,Tesco,mobile
24/12/14 13:56,165,call,2015-01,Three,mobile
24/12/14 13:56,3,call,2015-01,Three,mobile
24/12/14 17:06,1,sms,2015-01,Vodafone,mobile
24/12/14 17:07,37,call,2015-01,Vodafone,mobile
24/12/14 18:44,5,call,2015-01,Meteor,mobile
24/12/14 20:44,4,call,2015-01,Meteor,mobile
24/12/14 23:34,1,sms,2015-01,Three,mobile
25/12/14 06:58,34.429,data,2015-01,data,data
25/12/14 12:27,1,sms,2015-01,Vodafone,mobile
26/12/14 06:58,34.429,data,2015-01,data,data
26/12/14 11:09,101,call,2015-01,voicemail,voicemail
26/12/14 11:48,1,sms,2015-01,Vodafone,mobile
27/12/14 06:58,34.429,data,2015-01,data,data
27/12/14 22:30,1,sms,2015-01,Meteor,mobile
27/12/14 22:30,1,sms,2015-01,Meteor,mobile
27/12/14 22:30,1,sms,2015-01,Meteor,mobile
27/12/14 22:30,1,sms,2015-01,Meteor,mobile
28/12/14 06:58,34.429,data,2015-01,data,data
29/12/14 06:58,34.429,data,2015-01,data,data
29/12/14 12:09,368,call,2015-01,Tesco,mobile
30/12/14 06:58,34.429,data,2015-01,data,data
30/12/14 11:57,1,sms,2015-01,Three,mobile
30/12/14 11:57,1,sms,2015-01,Three,mobile
30/12/14 12:01,1,sms,2015-01,Three,mobile
30/12/14 12:01,1,sms,2015-01,Three,mobile
30/12/14 12:02,1,sms,2015-01,Three,mobile
30/12/14 12:03,1,sms,2015-01,Three,mobile
30/12/14 12:04,1,sms,2015-01,Three,mobile
30/12/14 12:04,1,sms,2015-01,Three,mobile
30/12/14 12:05,1,sms,2015-01,Three,mobile
30/12/14 12:05,1,sms,2015-01,Three,mobile
30/12/14 12:05,1,sms,2015-01,Three,mobile
30/12/14 12:05,1,sms,2015-01,Three,mobile
30/12/14 12:06,1,sms,2015-01,Three,mobile
30/12/14 12:10,1,sms,2015-01,Three,mobile
30/12/14 12:10,1,sms,2015-01,Three,mobile
30/12/14 12:10,1,sms,2015-01,Three,mobile
30/12/14 12:13,1,sms,2015-01,Three,mobile
30/12/14 12:14,1,sms,2015-01,Three,mobile
30/12/14 12:14,1,sms,2015-01,Three,mobile
31/12/14 06:58,34.429,data,2015-01,data,data
31/12/14 13:00,5,call,2015-01,Meteor,mobile
31/12/14 13:03,358,call,2015-01,Meteor,mobile
31/12/14 13:49,526,call,2015-01,landline,landline
31/12/14 23:05,1,sms,2015-01,Vodafone,mobile
31/12/14 23:37,1,sms,2015-01,Vodafone,mobile
31/12/14 23:37,1,sms,2015-01,Vodafone,mobile
31/12/14 23:37,1,sms,2015-01,Vodafone,mobile
01/01/15 06:58,34.429,data,2015-01,data,data
02/01/15 06:58,34.429,data,2015-01,data,data
02/01/15 11:27,640,call,2015-01,Vodafone,mobile
02/01/15 23:26,1,sms,2015-01,Meteor,mobile
02/01/15 23:28,1,sms,2015-01,Meteor,mobile
03/01/15 06:58,34.429,data,2015-01,data,data
03/01/15 12:01,158,call,2015-01,Vodafone,mobile
04/01/15 00:57,104,call,2015-01,Three,mobile
04/01/15 06:58,34.429,data,2015-01,data,data
04/01/15 14:20,3,call,2015-01,Vodafone,mobile
04/01/15 14:31,6,call,2015-01,Vodafone,mobile
04/01/15 14:32,41,call,2015-01,Vodafone,mobile
05/01/15 06:58,34.429,data,2015-01,data,data
05/01/15 09:49,56,call,2015-01,landline,landline
05/01/15 09:51,128,call,2015-01,landline,landline
05/01/15 10:10,77,call,2015-01,Three,mobile
05/01/15 10:25,5,call,2015-01,Three,mobile
05/01/15 10:25,1,sms,2015-01,Three,mobile
05/01/15 10:52,1,sms,2015-01,Three,mobile
05/01/15 10:56,144,call,2015-01,landline,landline
05/01/15 11:58,99,call,2015-01,Meteor,mobile
05/01/15 14:29,60,call,2015-01,landline,landline
05/01/15 16:41,682,call,2015-01,Three,mobile
05/01/15 17:22,36,call,2015-01,Tesco,mobile
05/01/15 20:23,734,call,2015-01,Three,mobile
06/01/15 06:58,34.429,data,2015-01,data,data
06/01/15 09:04,1,sms,2015-01,Three,mobile
06/01/15 09:04,1,sms,2015-01,Three,mobile
06/01/15 13:28,16,call,2015-01,Meteor,mobile
06/01/15 13:29,295,call,2015-01,Vodafone,mobile
06/01/15 13:55,1,sms,2015-01,Vodafone,mobile
06/01/15 19:17,106,call,2015-01,Meteor,mobile
06/01/15 20:40,29,call,2015-01,Vodafone,mobile
07/01/15 06:58,34.429,data,2015-01,data,data
07/01/15 09:28,1,sms,2015-01,Vodafone,mobile
07/01/15 21:20,1,sms,2015-01,Vodafone,mobile
07/01/15 21:20,1,sms,2015-01,Vodafone,mobile
08/01/15 06:58,34.429,data,2015-01,data,data
08/01/15 15:02,4,call,2015-01,Meteor,mobile
08/01/15 15:10,3,call,2015-01,Meteor,mobile
08/01/15 15:10,23,call,2015-01,Meteor,mobile
08/01/15 20:15,290,call,2015-01,Tesco,mobile
08/01/15 20:26,1,sms,2015-01,Vodafone,mobile
08/01/15 20:30,12,call,2015-01,Tesco,mobile
08/01/15 20:31,1247,call,2015-01,Three,mobile
08/01/15 22:41,1,sms,2015-01,Vodafone,mobile
08/01/15 22:41,1,sms,2015-01,Vodafone,mobile
08/01/15 22:52,1,sms,2015-01,Vodafone,mobile
08/01/15 22:52,1,sms,2015-01,Vodafone,mobile
08/01/15 23:06,1,sms,2015-01,Vodafone,mobile
08/01/15 23:06,1,sms,2015-01,Vodafone,mobile
09/01/15 06:58,34.429,data,2015-01,data,data
09/01/15 09:25,1,sms,2015-01,Meteor,mobile
09/01/15 09:43,33,call,2015-01,Three,mobile
09/01/15 10:07,4,call,2015-01,Vodafone,mobile
09/01/15 17:32,57,call,2015-01,Vodafone,mobile
10/01/15 06:58,34.429,data,2015-01,data,data
10/01/15 14:10,2,call,2015-01,Three,mobile
10/01/15 14:36,6,call,2015-01,Vodafone,mobile
10/01/15 14:44,398,call,2015-01,Vodafone,mobile
10/01/15 15:58,412,call,2015-01,Meteor,mobile
10/01/15 16:57,568,call,2015-01,Three,mobile
10/01/15 21:16,1,sms,2015-01,Vodafone,mobile
10/01/15 21:16,1,sms,2015-01,Vodafone,mobile
11/01/15 06:58,34.429,data,2015-01,data,data
11/01/15 13:29,1,sms,2015-01,Vodafone,mobile
11/01/15 13:54,201,call,2015-01,Three,mobile
12/01/15 06:58,34.429,data,2015-01,data,data
12/01/15 12:01,18,call,2015-01,Meteor,mobile
12/01/15 12:01,7,call,2015-01,Meteor,mobile
12/01/15 18:23,4,call,2015-01,Three,mobile
12/01/15 18:26,1,sms,2015-01,Vodafone,mobile
12/01/15 18:26,1,sms,2015-01,Vodafone,mobile
13/01/15 06:58,34.429,data,2015-02,data,data
13/01/15 15:04,503,call,2015-01,Three,mobile
13/01/15 19:09,1,sms,2015-01,Three,mobile
13/01/15 19:44,1,sms,2015-01,Three,mobile
13/01/15 19:44,1,sms,2015-01,Three,mobile
13/01/15 19:57,1,sms,2015-01,Vodafone,mobile
13/01/15 19:57,1,sms,2015-01,Vodafone,mobile
13/01/15 19:58,105,call,2015-01,landline,landline
13/01/15 20:00,466,call,2015-01,landline,landline
14/01/15 06:58,34.429,data,2015-02,data,data
14/01/15 17:15,13,call,2015-01,landline,landline
14/01/15 19:16,397,call,2015-01,Three,mobile
14/01/15 20:47,36,call,2015-01,Three,mobile
14/01/15 23:34,1,sms,2015-01,Vodafone,mobile
14/01/15 23:34,1,sms,2015-01,Vodafone,mobile
14/01/15 23:35,1,sms,2015-01,Three,mobile
14/01/15 23:36,1,sms,2015-01,Three,mobile
15/01/15 06:58,34.429,data,2015-02,data,data
15/01/15 10:36,28,call,2015-02,Three,mobile
15/01/15 12:23,1,sms,2015-02,special,special
15/01/15 17:22,168,call,2015-02,Tesco,mobile
16/01/15 06:58,34.429,data,2015-02,data,data
16/01/15 09:45,1,call,2015-02,Meteor,mobile
16/01/15 09:56,61,call,2015-02,Meteor,mobile
16/01/15 10:17,14,call,2015-02,Three,mobile
16/01/15 10:25,20,call,2015-02,Three,mobile
16/01/15 17:46,411,call,2015-02,Tesco,mobile
16/01/15 18:07,1,sms,2015-02,Vodafone,mobile
16/01/15 18:07,1,sms,2015-02,Vodafone,mobile
16/01/15 18:07,1,sms,2015-02,Vodafone,mobile
16/01/15 18:07,1,sms,2015-02,Vodafone,mobile
16/01/15 18:07,1,sms,2015-02,Three,mobile
16/01/15 18:07,1,sms,2015-02,Three,mobile
17/01/15 06:58,34.429,data,2015-02,data,data
17/01/15 18:50,78,call,2015-02,Three,mobile
17/01/15 21:59,82,call,2015-02,Tesco,mobile
18/01/15 06:58,34.429,data,2015-02,data,data
18/01/15 16:27,478,call,2015-02,Three,mobile
18/01/15 17:04,700,call,2015-02,Tesco,mobile
19/01/15 06:58,34.429,data,2015-02,data,data
19/01/15 12:44,1,sms,2015-02,Vodafone,mobile
19/01/15 19:57,103,call,2015-02,Tesco,mobile
19/01/15 20:08,53,call,2015-02,Tesco,mobile
19/01/15 20:14,38,call,2015-02,Tesco,mobile
20/01/15 06:58,34.429,data,2015-02,data,data
20/01/15 15:08,1,sms,2015-02,Vodafone,mobile
20/01/15 19:49,1,sms,2015-02,Vodafone,mobile
20/01/15 20:23,1,sms,2015-02,Vodafone,mobile
21/01/15 06:58,34.429,data,2015-02,data,data
21/01/15 10:13,48,call,2015-02,Three,mobile
21/01/15 14:36,93,call,2015-02,voicemail,voicemail
21/01/15 14:44,1,sms,2015-02,Vodafone,mobile
21/01/15 15:56,27,call,2015-02,voicemail,voicemail
21/01/15 15:57,265,call,2015-02,Three,mobile
21/01/15 18:04,777,call,2015-02,Tesco,mobile
21/01/15 19:38,1090,call,2015-02,Meteor,mobile
21/01/15 19:59,491,call,2015-02,Vodafone,mobile
22/01/15 06:58,34.429,data,2015-02,data,data
22/01/15 18:59,41,call,2015-02,voicemail,voicemail
22/01/15 19:00,1107,call,2015-02,Vodafone,mobile
23/01/15 06:58,34.429,data,2015-02,data,data
23/01/15 12:56,29,call,2015-02,landline,landline
23/01/15 14:32,200,call,2015-02,Tesco,mobile
23/01/15 15:09,129,call,2015-02,Three,mobile
23/01/15 15:22,1,sms,2015-02,Vodafone,mobile
23/01/15 15:24,1,sms,2015-02,Vodafone,mobile
23/01/15 15:37,1,sms,2015-02,Vodafone,mobile
23/01/15 21:22,206,call,2015-02,Tesco,mobile
24/01/15 06:58,34.429,data,2015-02,data,data
25/01/15 06:58,34.429,data,2015-02,data,data
25/01/15 09:16,4,call,2015-02,Vodafone,mobile
25/01/15 16:55,1863,call,2015-02,Three,mobile
26/01/15 06:58,34.429,data,2015-02,data,data
26/01/15 16:54,104,call,2015-02,Three,mobile
26/01/15 17:15,501,call,2015-02,Three,mobile
27/01/15 06:58,34.429,data,2015-02,data,data
27/01/15 09:36,37,call,2015-02,Three,mobile
27/01/15 10:55,36,call,2015-02,Meteor,mobile
28/01/15 06:58,34.429,data,2015-02,data,data
28/01/15 09:44,8,call,2015-02,Vodafone,mobile
28/01/15 10:02,7,call,2015-02,landline,landline
28/01/15 15:53,272,call,2015-02,landline,landline
29/01/15 06:58,34.429,data,2015-02,data,data
29/01/15 11:35,1,sms,2015-02,Vodafone,mobile
29/01/15 11:50,1,sms,2015-02,Vodafone,mobile
29/01/15 17:11,255,call,2015-02,Tesco,mobile
29/01/15 17:19,1,sms,2015-02,Vodafone,mobile
29/01/15 17:58,362,call,2015-02,Three,mobile
29/01/15 18:05,100,call,2015-02,Tesco,mobile
29/01/15 19:27,74,call,2015-02,Tesco,mobile
30/01/15 06:58,34.429,data,2015-02,data,data
30/01/15 19:43,33,call,2015-02,Tesco,mobile
30/01/15 19:56,45,call,2015-02,Tesco,mobile
31/01/15 06:58,34.429,data,2015-02,data,data
31/01/15 12:48,31,call,2015-02,Tesco,mobile
31/01/15 13:14,7,call,2015-02,Vodafone,mobile
01/02/15 06:58,34.429,data,2015-02,data,data
01/02/15 13:33,103,call,2015-02,landline,landline
02/02/15 06:58,34.429,data,2015-02,data,data
02/02/15 17:11,280,call,2015-02,Tesco,mobile
02/02/15 17:16,183,call,2015-02,Tesco,mobile
02/02/15 17:35,1,sms,2015-02,Tesco,mobile
02/02/15 17:35,1,sms,2015-02,Tesco,mobile
02/02/15 17:35,1,sms,2015-02,Three,mobile
02/02/15 17:35,1,sms,2015-02,Three,mobile
02/02/15 18:17,7,call,2015-02,landline,landline
03/02/15 06:58,34.429,data,2015-02,data,data
03/02/15 14:45,6,call,2015-02,Three,mobile
04/02/15 06:58,34.429,data,2015-02,data,data
04/02/15 12:36,21,call,2015-02,voicemail,voicemail
04/02/15 14:52,227,call,2015-02,Tesco,mobile
04/02/15 17:04,1,sms,2015-02,special,special
05/02/15 06:58,34.429,data,2015-02,data,data
05/02/15 13:37,62,call,2015-02,voicemail,voicemail
05/02/15 13:38,91,call,2015-02,landline,landline
06/02/15 06:58,34.429,data,2015-02,data,data
06/02/15 10:36,24,call,2015-02,voicemail,voicemail
06/02/15 10:37,128,call,2015-02,Vodafone,mobile
06/02/15 18:39,23,call,2015-02,Three,mobile
06/02/15 18:41,51,call,2015-02,Three,mobile
07/02/15 06:58,34.429,data,2015-02,data,data
07/02/15 09:48,1,sms,2015-02,Vodafone,mobile
07/02/15 09:48,1,sms,2015-02,Vodafone,mobile
07/02/15 10:03,119,call,2015-02,Vodafone,mobile
07/02/15 11:13,1,sms,2015-02,Vodafone,mobile
07/02/15 11:37,4,call,2015-02,Three,mobile
07/02/15 15:04,1,sms,2015-02,Vodafone,mobile
07/02/15 16:06,1,sms,2015-02,Three,mobile
07/02/15 16:11,1,sms,2015-02,Three,mobile
07/02/15 16:11,1,sms,2015-02,Three,mobile
07/02/15 16:16,1,sms,2015-02,Three,mobile
07/02/15 16:27,141,call,2015-02,landline,landline
07/02/15 17:33,795,call,2015-02,Three,mobile
07/02/15 17:56,121,call,2015-02,Tesco,mobile
07/02/15 18:23,2,call,2015-02,Three,mobile
07/02/15 22:18,1,sms,2015-02,Three,mobile
07/02/15 22:30,1,sms,2015-02,Three,mobile
07/02/15 22:30,1,sms,2015-02,Three,mobile
08/02/15 06:58,34.429,data,2015-02,data,data
08/02/15 20:54,80,call,2015-02,landline,landline
09/02/15 06:58,34.429,data,2015-02,data,data
09/02/15 09:08,653,call,2015-02,Three,mobile
09/02/15 17:41,729,call,2015-02,Three,mobile
09/02/15 17:54,89,call,2015-02,Three,mobile
09/02/15 18:32,1,sms,2015-02,Vodafone,mobile
09/02/15 22:54,1,sms,2015-02,Meteor,mobile
10/02/15 00:24,1,sms,2015-02,Vodafone,mobile
10/02/15 00:24,1,sms,2015-02,Vodafone,mobile
10/02/15 06:58,34.429,data,2015-02,data,data
10/02/15 21:40,1,sms,2015-02,Vodafone,mobile
11/02/15 06:58,34.429,data,2015-02,data,data
12/02/15 06:58,34.429,data,2015-02,data,data
12/02/15 20:15,69,call,2015-03,landline,landline
12/02/15 20:51,86,call,2015-03,Tesco,mobile
13/02/15 06:58,34.429,data,2015-03,data,data
13/02/15 10:58,451,call,2015-03,Vodafone,mobile
13/02/15 21:13,8,call,2015-03,Vodafone,mobile
14/02/15 06:58,34.429,data,2015-03,data,data
14/02/15 15:40,106,call,2015-03,Three,mobile
14/02/15 16:06,148,call,2015-03,Tesco,mobile
15/02/15 06:58,34.429,data,2015-03,data,data
15/02/15 18:44,21,call,2015-03,landline,landline
16/02/15 06:58,34.429,data,2015-03,data,data
17/02/15 06:58,34.429,data,2015-03,data,data
17/02/15 15:59,24,call,2015-03,Meteor,mobile
17/02/15 19:09,2328,call,2015-03,Three,mobile
18/02/15 06:58,34.429,data,2015-03,data,data
18/02/15 18:49,165,call,2015-03,Tesco,mobile
18/02/15 19:56,94,call,2015-03,Three,mobile
19/02/15 06:58,34.429,data,2015-03,data,data
19/02/15 18:46,1,sms,2015-03,Vodafone,mobile
19/02/15 22:00,1,sms,2015-03,Vodafone,mobile
19/02/15 22:00,1,sms,2015-03,Vodafone,mobile
19/02/15 22:00,1,sms,2015-03,Vodafone,mobile
20/02/15 06:58,34.429,data,2015-03,data,data
20/02/15 13:45,68,call,2015-03,Vodafone,mobile
21/02/15 06:58,34.429,data,2015-03,data,data
22/02/15 06:58,34.429,data,2015-03,data,data
23/02/15 06:58,34.429,data,2015-03,data,data
23/02/15 20:49,182,call,2015-03,landline,landline
24/02/15 06:58,34.429,data,2015-03,data,data
24/02/15 10:05,107,call,2015-03,voicemail,voicemail
24/02/15 13:32,1,sms,2015-03,Three,mobile
24/02/15 13:32,1,sms,2015-03,Three,mobile
25/02/15 06:58,34.429,data,2015-03,data,data
25/02/15 12:56,117,call,2015-03,Tesco,mobile
25/02/15 12:58,129,call,2015-03,Vodafone,mobile
25/02/15 13:15,356,call,2015-03,Three,mobile
25/02/15 13:21,1,sms,2015-03,Tesco,mobile
25/02/15 13:22,1,sms,2015-03,Tesco,mobile
25/02/15 13:22,1,sms,2015-03,Tesco,mobile
25/02/15 13:22,1,sms,2015-03,Tesco,mobile
25/02/15 13:26,194,call,2015-03,Tesco,mobile
25/02/15 13:46,229,call,2015-03,Tesco,mobile
25/02/15 15:45,32,call,2015-03,Vodafone,mobile
26/02/15 06:58,34.429,data,2015-03,data,data
26/02/15 16:38,570,call,2015-03,Vodafone,mobile
26/02/15 22:34,29,call,2015-03,voicemail,voicemail
27/02/15 06:58,34.429,data,2015-03,data,data
27/02/15 13:50,27,call,2015-03,Three,mobile
27/02/15 14:33,107,call,2015-03,Three,mobile
27/02/15 14:36,128,call,2015-03,Vodafone,mobile
28/02/15 06:58,34.429,data,2015-03,data,data
28/02/15 14:09,335,call,2015-03,landline,landline
28/02/15 14:57,49,call,2015-03,Meteor,mobile
28/02/15 15:09,5,call,2015-03,Three,mobile
28/02/15 15:49,305,call,2015-03,landline,landline
28/02/15 16:00,207,call,2015-03,landline,landline
28/02/15 17:13,11,call,2015-03,landline,landline
28/02/15 17:14,3,call,2015-03,landline,landline
28/02/15 17:17,33,call,2015-03,landline,landline
28/02/15 21:25,357,call,2015-03,Three,mobile
28/02/15 21:55,1,sms,2015-03,Vodafone,mobile
28/02/15 22:39,1,sms,2015-03,Three,mobile
01/03/15 06:58,34.429,data,2015-03,data,data
01/03/15 12:19,9,call,2015-03,Meteor,mobile
02/03/15 06:58,34.429,data,2015-03,data,data
02/03/15 09:19,1,sms,2015-03,Vodafone,mobile
02/03/15 09:19,1,sms,2015-03,Vodafone,mobile
02/03/15 09:23,1,sms,2015-03,Vodafone,mobile
02/03/15 09:30,1,sms,2015-03,Vodafone,mobile
02/03/15 09:30,1,sms,2015-03,Vodafone,mobile
02/03/15 13:07,463,call,2015-03,Three,mobile
02/03/15 14:53,2,call,2015-03,voicemail,voicemail
02/03/15 14:54,93,call,2015-03,voicemail,voicemail
02/03/15 17:35,192,call,2015-03,Meteor,mobile
02/03/15 20:48,34,call,2015-03,Tesco,mobile
03/03/15 06:58,34.429,data,2015-03,data,data
03/03/15 09:57,76,call,2015-03,landline,landline
03/03/15 09:59,355,call,2015-03,Three,mobile
03/03/15 10:12,745,call,2015-03,Vodafone,mobile
03/03/15 10:27,57,call,2015-03,Vodafone,mobile
03/03/15 14:34,1325,call,2015-03,Vodafone,mobile
03/03/15 18:36,768,call,2015-03,Three,mobile
04/03/15 06:58,34.429,data,2015-03,data,data
04/03/15 07:02,1,sms,2015-03,Vodafone,mobile
04/03/15 07:16,1,sms,2015-03,Vodafone,mobile
04/03/15 10:30,1,sms,2015-03,Three,mobile
04/03/15 10:30,1,sms,2015-03,Three,mobile
04/03/15 12:29,10528,call,2015-03,landline,landline
05/03/15 06:58,34.429,data,2015-03,data,data
06/03/15 06:58,34.429,data,2015-03,data,data
07/03/15 06:58,34.429,data,2015-03,data,data
08/03/15 06:58,34.429,data,2015-03,data,data
09/03/15 06:58,34.429,data,2015-03,data,data
10/03/15 06:58,34.429,data,2015-03,data,data
11/03/15 06:58,34.429,data,2015-03,data,data
12/03/15 06:58,34.429,data,2015-03,data,data
13/03/15 00:38,1,sms,2015-03,world,world
13/03/15 00:39,1,sms,2015-03,Vodafone,mobile
13/03/15 06:58,34.429,data,2015-03,data,data
14/03/15 00:13,1,sms,2015-03,world,world
14/03/15 00:16,1,sms,2015-03,world,world
